{
    "train": {
        "loss": 1.4808486700057983,
        "acc": 0.6631666666666667
    },
    "test": {
        "loss": 1.4730265140533447,
        "acc": 0.6674
    },
    "step": 6
}