{
    "train": {
        "loss": 2.1042826175689697,
        "acc": 0.40703333333333336
    },
    "test": {
        "loss": 2.10095477104187,
        "acc": 0.4107
    },
    "step": 1
}