{
    "train": {
        "loss": 1.691428780555725,
        "acc": 0.5424333333333333
    },
    "test": {
        "loss": 1.6863292455673218,
        "acc": 0.5449
    },
    "step": 4
}