{
    "train": {
        "loss": 1.8066927194595337,
        "acc": 0.6551166666666667
    },
    "test": {
        "loss": 1.798970341682434,
        "acc": 0.6626
    },
    "step": 3
}