{
    "train": {
        "loss": 0.9080003499984741,
        "acc": 0.7824
    },
    "test": {
        "loss": 0.8946426510810852,
        "acc": 0.7862
    },
    "step": 1
}