{
    "train": {
        "loss": 1.6260390281677246,
        "acc": 0.6706666666666666
    },
    "test": {
        "loss": 1.6157138347625732,
        "acc": 0.6672
    },
    "step": 5
}