{
    "train": {
        "loss": 0.8464502692222595,
        "acc": 0.75965
    },
    "test": {
        "loss": 0.836460530757904,
        "acc": 0.764
    },
    "step": 4
}