{
    "train": {
        "loss": 0.8521180152893066,
        "acc": 0.79005
    },
    "test": {
        "loss": 0.8402584195137024,
        "acc": 0.7932
    },
    "step": 3
}