{
    "train": {
        "loss": 1.9564932584762573,
        "acc": 0.4988166666666667
    },
    "test": {
        "loss": 1.9523539543151855,
        "acc": 0.5047
    },
    "step": 2
}